{
  "version": 1,
  "author": "Sompaosng SAYADETH",
  "editor": "wokwi",
  "parts": [
    { "type": "wokwi-esp32-devkit-v1", "id": "esp", "top": 0, "left": 0, "attrs": {} },
    {
      "type": "wokwi-led",
      "id": "led1",
      "top": -19.18,
      "left": 146.71,
      "attrs": { "color": "red" }
    },
    {
      "type": "wokwi-resistor",
      "id": "r1",
      "top": 67.18,
      "left": 142.91,
      "rotate": 90,
      "attrs": { "value": "200" }
    },
    {
      "type": "wokwi-led",
      "id": "led2",
      "top": -17.97,
      "left": 212.2,
      "attrs": { "color": "yellow" }
    },
    {
      "type": "wokwi-led",
      "id": "led3",
      "top": -17.04,
      "left": 277.09,
      "attrs": { "color": "limegreen" }
    },
    {
      "type": "wokwi-resistor",
      "id": "r2",
      "top": 67.51,
      "left": 207.63,
      "rotate": 90,
      "attrs": { "value": "200" }
    },
    {
      "type": "wokwi-resistor",
      "id": "r3",
      "top": 66.08,
      "left": 271.91,
      "rotate": 90,
      "attrs": { "value": "200" }
    }
  ],
  "connections": [
    [ "esp:TX0", "$serialMonitor:RX", "", [] ],
    [ "esp:RX0", "$serialMonitor:TX", "", [] ],
    [ "r1:1", "led1:A", "red", [ "h0" ] ],
    [ "r1:2", "esp:D2", "red", [ "h2.08", "v34.8" ] ],
    [ "led1:C", "esp:GND.1", "black", [ "v127.51", "h-57.24" ] ],
    [ "led2:A", "r2:1", "gold", [ "v0" ] ],
    [ "led3:A", "r3:1", "limegreen", [ "v0" ] ],
    [ "esp:D4", "r2:2", "gold", [ "h0" ] ],
    [ "esp:D15", "r3:2", "limegreen", [ "h0" ] ],
    [ "esp:GND.1", "led2:C", "black", [ "h0" ] ],
    [ "esp:GND.1", "led3:C", "black", [ "h0" ] ]
  ],
  "dependencies": {}
}